<?xml version="1.0" encoding="UTF-8"?>
<Configuration>

    <!-- 해당 설정파일에서 사용하는 프로퍼티-->
    <Properties>
        <property name="LOGS_PATH">logs</property>
    </Properties>

    <Appenders>
        <!-- 콘솔 -->
        <Console name="console" target="SYSTEM_OUT">
            <!-- <PatternLayout pattern="[%d{yyyy-MM-dd HH:mm:ss}:%-3relative] %-5level %logger{35} - %msg%n" /> -->
            <PatternLayout pattern="%black(%d{ISO8601}) %highlight(%-5level) [%blue(%t)] %yellow(%C{1.}): %msg%n%throwable" />
        </Console>

        <!-- 파일 -->
        <RollingFile name ="RollingFile">
            <FileName>${LOGS_PATH}/moayo_log4j2.log</FileName>
            <FilePattern>${LOGS_PATH}/moayo.%d{yyyy-MM-dd}.%i.log.gz</FilePattern>
            <PatternLayout>
                <Pattern>%d{yyyy-MM-dd HH:mm:ss} %5p [%c] %m%n</Pattern>
            </PatternLayout>
            <Policies>
                <SizeBasedTriggeringPolicy size="100MB"/>
                <TimeBasedTriggeringPolicy interval = "1" modulate = "true"/>
            </Policies>
        </RollingFile>
    </Appenders>

    <Loggers>
        <!-- Application Loggers -->
        <!-- Root 보다 우선 순위가 높습니다. -->
       <!--  <logger name="org.hibernate.type" level="trace" additivity="false">
            <AppenderRef ref="console" />
            <AppenderRef ref="RollingFile" />
        </logger> -->

 <!--        <logger name="org.hibernate.sql" level="debug" additivity="false">
            <AppenderRef ref="console" />
            <AppenderRef ref="RollingFile" />
        </logger>
        
        <logger name="org.hibernate.type.descriptor.sql.BasicBinder" level="trace" additivity="false">
            <AppenderRef ref="console" />
            <AppenderRef ref="RollingFile" />
        </logger> -->

        <!-- FATAL, ERROR, WARN, INFO, DEBUG, TRACE -->
        <Root level="INFO">
            <AppenderRef ref="console" />
            <AppenderRef ref="RollingFile" />
        </Root>
        
    </Loggers>
</Configuration>