[ {
  "type" : "DEPOSIT",
  "memberId" : "member005",
  "memberName" : "홍길동005",
  "amount" : 70000,
  "withdrawalBankName" : null,
  "withdrawalBankCode" : null,
  "withdrawalBankAccount" : null,
  "withdrawalBankAccountHolder" : null,
  "withdrawalDate" : null,
  "withdrawalBankIdentifier" : null,
  "withdrawalStatus" : null,
  "depositPaymentCompanyId" : "PG0001",
  "depositPaymentId" : "PG0001-PID-354749",
  "depositBankName" : "한국씨티은행",
  "depositBankCode" : "027",
  "depositBankAccount" : "027-726220-001",
  "depositBankAccountPeriodFrom" : "2025-07-18T00:00:00",
  "depositBankAccountPeriodTo" : "2026-07-16T23:59:59.999999999",
  "depositDate" : "2025-08-04T10:39:09.292265",
  "siteId" : 1004,
  "distId" : 102,
  "distCommRate" : null,
  "distCommFee" : null,
  "hqCommRate" : null,
  "hqCommFee" : null,
  "balance" : null,
  "regDate" : "2025-08-04T10:40:09.292265",
  "tid" : null
}, {
  "type" : "DEPOSIT",
  "memberId" : "member001",
  "memberName" : "홍길동001",
  "amount" : 390000,
  "withdrawalBankName" : null,
  "withdrawalBankCode" : null,
  "withdrawalBankAccount" : null,
  "withdrawalBankAccountHolder" : null,
  "withdrawalDate" : null,
  "withdrawalBankIdentifier" : null,
  "withdrawalStatus" : null,
  "depositPaymentCompanyId" : "PG0001",
  "depositPaymentId" : "PG0001-PID-998139",
  "depositBankName" : "IBK기업은행",
  "depositBankCode" : "003",
  "depositBankAccount" : "003-122686-001",
  "depositBankAccountPeriodFrom" : "2025-07-18T00:00:00",
  "depositBankAccountPeriodTo" : "2026-07-16T23:59:59.999999999",
  "depositDate" : "2025-08-04T10:39:09.292265",
  "siteId" : 1004,
  "distId" : 102,
  "distCommRate" : null,
  "distCommFee" : null,
  "hqCommRate" : null,
  "hqCommFee" : null,
  "balance" : null,
  "regDate" : "2025-08-04T10:35:09.292265",
  "tid" : null
}, {
  "type" : "DEPOSIT",
  "memberId" : "member006",
  "memberName" : "홍길동006",
  "amount" : 330000,
  "withdrawalBankName" : null,
  "withdrawalBankCode" : null,
  "withdrawalBankAccount" : null,
  "withdrawalBankAccountHolder" : null,
  "withdrawalDate" : null,
  "withdrawalBankIdentifier" : null,
  "withdrawalStatus" : null,
  "depositPaymentCompanyId" : "PG0003",
  "depositPaymentId" : "PG0003-PID-828155",
  "depositBankName" : "신한은행",
  "depositBankCode" : "088",
  "depositBankAccount" : "088-598560-001",
  "depositBankAccountPeriodFrom" : "2025-07-18T00:00:00",
  "depositBankAccountPeriodTo" : "2026-07-16T23:59:59.999999999",
  "depositDate" : "2025-08-04T10:39:09.292265",
  "siteId" : 1004,
  "distId" : 102,
  "distCommRate" : null,
  "distCommFee" : null,
  "hqCommRate" : null,
  "hqCommFee" : null,
  "balance" : null,
  "regDate" : "2025-08-04T10:30:09.292265",
  "tid" : null
}, {
  "type" : "DEPOSIT",
  "memberId" : "member001",
  "memberName" : "홍길동001",
  "amount" : 580000,
  "withdrawalBankName" : null,
  "withdrawalBankCode" : null,
  "withdrawalBankAccount" : null,
  "withdrawalBankAccountHolder" : null,
  "withdrawalDate" : null,
  "withdrawalBankIdentifier" : null,
  "withdrawalStatus" : null,
  "depositPaymentCompanyId" : "PG0002",
  "depositPaymentId" : "PG0002-PID-126737",
  "depositBankName" : "SC제일은행",
  "depositBankCode" : "023",
  "depositBankAccount" : "023-411884-001",
  "depositBankAccountPeriodFrom" : "2025-07-18T00:00:00",
  "depositBankAccountPeriodTo" : "2026-07-16T23:59:59.999999999",
  "depositDate" : "2025-08-04T10:39:09.292265",
  "siteId" : 1004,
  "distId" : 102,
  "distCommRate" : null,
  "distCommFee" : null,
  "hqCommRate" : null,
  "hqCommFee" : null,
  "balance" : null,
  "regDate" : "2025-08-04T10:25:09.292265",
  "tid" : null
}, {
  "type" : "DEPOSIT",
  "memberId" : "member007",
  "memberName" : "홍길동007",
  "amount" : 310000,
  "withdrawalBankName" : null,
  "withdrawalBankCode" : null,
  "withdrawalBankAccount" : null,
  "withdrawalBankAccountHolder" : null,
  "withdrawalDate" : null,
  "withdrawalBankIdentifier" : null,
  "withdrawalStatus" : null,
  "depositPaymentCompanyId" : "PG0001",
  "depositPaymentId" : "PG0001-PID-836647",
  "depositBankName" : "경남은행",
  "depositBankCode" : "039",
  "depositBankAccount" : "039-094144-001",
  "depositBankAccountPeriodFrom" : "2025-07-18T00:00:00",
  "depositBankAccountPeriodTo" : "2026-07-16T23:59:59.999999999",
  "depositDate" : "2025-08-04T10:39:09.292265",
  "siteId" : 1004,
  "distId" : 102,
  "distCommRate" : null,
  "distCommFee" : null,
  "hqCommRate" : null,
  "hqCommFee" : null,
  "balance" : null,
  "regDate" : "2025-08-04T10:20:09.292265",
  "tid" : null
}, {
  "type" : "DEPOSIT",
  "memberId" : "member001",
  "memberName" : "홍길동001",
  "amount" : 90000,
  "withdrawalBankName" : null,
  "withdrawalBankCode" : null,
  "withdrawalBankAccount" : null,
  "withdrawalBankAccountHolder" : null,
  "withdrawalDate" : null,
  "withdrawalBankIdentifier" : null,
  "withdrawalStatus" : null,
  "depositPaymentCompanyId" : "PG0001",
  "depositPaymentId" : "PG0001-PID-009646",
  "depositBankName" : "신협",
  "depositBankCode" : "048",
  "depositBankAccount" : "048-972221-001",
  "depositBankAccountPeriodFrom" : "2025-07-18T00:00:00",
  "depositBankAccountPeriodTo" : "2026-07-16T23:59:59.999999999",
  "depositDate" : "2025-08-04T10:39:09.292265",
  "siteId" : 1003,
  "distId" : 102,
  "distCommRate" : null,
  "distCommFee" : null,
  "hqCommRate" : null,
  "hqCommFee" : null,
  "balance" : null,
  "regDate" : "2025-08-04T10:15:09.292265",
  "tid" : null
}, {
  "type" : "DEPOSIT",
  "memberId" : "member003",
  "memberName" : "홍길동003",
  "amount" : 810000,
  "withdrawalBankName" : null,
  "withdrawalBankCode" : null,
  "withdrawalBankAccount" : null,
  "withdrawalBankAccountHolder" : null,
  "withdrawalDate" : null,
  "withdrawalBankIdentifier" : null,
  "withdrawalStatus" : null,
  "depositPaymentCompanyId" : "PG0003",
  "depositPaymentId" : "PG0003-PID-445414",
  "depositBankName" : "신협",
  "depositBankCode" : "048",
  "depositBankAccount" : "048-156367-001",
  "depositBankAccountPeriodFrom" : "2025-07-18T00:00:00",
  "depositBankAccountPeriodTo" : "2026-07-16T23:59:59.999999999",
  "depositDate" : "2025-08-04T10:39:09.292265",
  "siteId" : 1004,
  "distId" : 102,
  "distCommRate" : null,
  "distCommFee" : null,
  "hqCommRate" : null,
  "hqCommFee" : null,
  "balance" : null,
  "regDate" : "2025-08-04T10:10:09.292265",
  "tid" : null
}, {
  "type" : "DEPOSIT",
  "memberId" : "member007",
  "memberName" : "홍길동007",
  "amount" : 940000,
  "withdrawalBankName" : null,
  "withdrawalBankCode" : null,
  "withdrawalBankAccount" : null,
  "withdrawalBankAccountHolder" : null,
  "withdrawalDate" : null,
  "withdrawalBankIdentifier" : null,
  "withdrawalStatus" : null,
  "depositPaymentCompanyId" : "PG0002",
  "depositPaymentId" : "PG0002-PID-274237",
  "depositBankName" : "카카오뱅크",
  "depositBankCode" : "090",
  "depositBankAccount" : "090-856540-001",
  "depositBankAccountPeriodFrom" : "2025-07-18T00:00:00",
  "depositBankAccountPeriodTo" : "2026-07-16T23:59:59.999999999",
  "depositDate" : "2025-08-04T10:39:09.292265",
  "siteId" : 1004,
  "distId" : 102,
  "distCommRate" : null,
  "distCommFee" : null,
  "hqCommRate" : null,
  "hqCommFee" : null,
  "balance" : null,
  "regDate" : "2025-08-04T10:05:09.292265",
  "tid" : null
}, {
  "type" : "DEPOSIT",
  "memberId" : "member004",
  "memberName" : "홍길동004",
  "amount" : 680000,
  "withdrawalBankName" : null,
  "withdrawalBankCode" : null,
  "withdrawalBankAccount" : null,
  "withdrawalBankAccountHolder" : null,
  "withdrawalDate" : null,
  "withdrawalBankIdentifier" : null,
  "withdrawalStatus" : null,
  "depositPaymentCompanyId" : "PG0001",
  "depositPaymentId" : "PG0001-PID-499635",
  "depositBankName" : "우체국",
  "depositBankCode" : "071",
  "depositBankAccount" : "071-640275-001",
  "depositBankAccountPeriodFrom" : "2025-07-18T00:00:00",
  "depositBankAccountPeriodTo" : "2026-07-16T23:59:59.999999999",
  "depositDate" : "2025-08-04T10:39:09.292265",
  "siteId" : 1003,
  "distId" : 102,
  "distCommRate" : null,
  "distCommFee" : null,
  "hqCommRate" : null,
  "hqCommFee" : null,
  "balance" : null,
  "regDate" : "2025-08-04T10:00:09.292265",
  "tid" : null
}, {
  "type" : "DEPOSIT",
  "memberId" : "member009",
  "memberName" : "홍길동009",
  "amount" : 780000,
  "withdrawalBankName" : null,
  "withdrawalBankCode" : null,
  "withdrawalBankAccount" : null,
  "withdrawalBankAccountHolder" : null,
  "withdrawalDate" : null,
  "withdrawalBankIdentifier" : null,
  "withdrawalStatus" : null,
  "depositPaymentCompanyId" : "PG0003",
  "depositPaymentId" : "PG0003-PID-741652",
  "depositBankName" : "제주은행",
  "depositBankCode" : "035",
  "depositBankAccount" : "035-253726-001",
  "depositBankAccountPeriodFrom" : "2025-07-18T00:00:00",
  "depositBankAccountPeriodTo" : "2026-07-16T23:59:59.999999999",
  "depositDate" : "2025-08-04T10:39:09.292265",
  "siteId" : 1004,
  "distId" : 102,
  "distCommRate" : null,
  "distCommFee" : null,
  "hqCommRate" : null,
  "hqCommFee" : null,
  "balance" : null,
  "regDate" : "2025-08-04T09:55:09.292265",
  "tid" : null
}, {
  "type" : "DEPOSIT",
  "memberId" : "member003",
  "memberName" : "홍길동003",
  "amount" : 460000,
  "withdrawalBankName" : null,
  "withdrawalBankCode" : null,
  "withdrawalBankAccount" : null,
  "withdrawalBankAccountHolder" : null,
  "withdrawalDate" : null,
  "withdrawalBankIdentifier" : null,
  "withdrawalStatus" : null,
  "depositPaymentCompanyId" : "PG0002",
  "depositPaymentId" : "PG0002-PID-778157",
  "depositBankName" : "BNK부산은행",
  "depositBankCode" : "032",
  "depositBankAccount" : "032-421420-001",
  "depositBankAccountPeriodFrom" : "2025-07-18T00:00:00",
  "depositBankAccountPeriodTo" : "2026-07-16T23:59:59.999999999",
  "depositDate" : "2025-08-04T10:39:09.292265",
  "siteId" : 1002,
  "distId" : 101,
  "distCommRate" : null,
  "distCommFee" : null,
  "hqCommRate" : null,
  "hqCommFee" : null,
  "balance" : null,
  "regDate" : "2025-08-04T09:50:09.292265",
  "tid" : null
}, {
  "type" : "DEPOSIT",
  "memberId" : "member005",
  "memberName" : "홍길동005",
  "amount" : 580000,
  "withdrawalBankName" : null,
  "withdrawalBankCode" : null,
  "withdrawalBankAccount" : null,
  "withdrawalBankAccountHolder" : null,
  "withdrawalDate" : null,
  "withdrawalBankIdentifier" : null,
  "withdrawalStatus" : null,
  "depositPaymentCompanyId" : "PG0001",
  "depositPaymentId" : "PG0001-PID-344526",
  "depositBankName" : "전북은행",
  "depositBankCode" : "037",
  "depositBankAccount" : "037-865040-001",
  "depositBankAccountPeriodFrom" : "2025-07-18T00:00:00",
  "depositBankAccountPeriodTo" : "2026-07-16T23:59:59.999999999",
  "depositDate" : "2025-08-04T10:39:09.292265",
  "siteId" : 1004,
  "distId" : 102,
  "distCommRate" : null,
  "distCommFee" : null,
  "hqCommRate" : null,
  "hqCommFee" : null,
  "balance" : null,
  "regDate" : "2025-08-04T09:45:09.292265",
  "tid" : null
}, {
  "type" : "DEPOSIT",
  "memberId" : "member005",
  "memberName" : "홍길동005",
  "amount" : 390000,
  "withdrawalBankName" : null,
  "withdrawalBankCode" : null,
  "withdrawalBankAccount" : null,
  "withdrawalBankAccountHolder" : null,
  "withdrawalDate" : null,
  "withdrawalBankIdentifier" : null,
  "withdrawalStatus" : null,
  "depositPaymentCompanyId" : "PG0001",
  "depositPaymentId" : "PG0001-PID-465090",
  "depositBankName" : "KB국민은행",
  "depositBankCode" : "004",
  "depositBankAccount" : "004-024309-001",
  "depositBankAccountPeriodFrom" : "2025-07-18T00:00:00",
  "depositBankAccountPeriodTo" : "2026-07-16T23:59:59.999999999",
  "depositDate" : "2025-08-04T10:39:09.292265",
  "siteId" : 1001,
  "distId" : 101,
  "distCommRate" : null,
  "distCommFee" : null,
  "hqCommRate" : null,
  "hqCommFee" : null,
  "balance" : null,
  "regDate" : "2025-08-04T09:40:09.292265",
  "tid" : null
}, {
  "type" : "DEPOSIT",
  "memberId" : "member009",
  "memberName" : "홍길동009",
  "amount" : 480000,
  "withdrawalBankName" : null,
  "withdrawalBankCode" : null,
  "withdrawalBankAccount" : null,
  "withdrawalBankAccountHolder" : null,
  "withdrawalDate" : null,
  "withdrawalBankIdentifier" : null,
  "withdrawalStatus" : null,
  "depositPaymentCompanyId" : "PG0003",
  "depositPaymentId" : "PG0003-PID-349771",
  "depositBankName" : "케이뱅크",
  "depositBankCode" : "089",
  "depositBankAccount" : "089-739170-001",
  "depositBankAccountPeriodFrom" : "2025-07-18T00:00:00",
  "depositBankAccountPeriodTo" : "2026-07-16T23:59:59.999999999",
  "depositDate" : "2025-08-04T10:39:09.292265",
  "siteId" : 1003,
  "distId" : 102,
  "distCommRate" : null,
  "distCommFee" : null,
  "hqCommRate" : null,
  "hqCommFee" : null,
  "balance" : null,
  "regDate" : "2025-08-04T09:35:09.292265",
  "tid" : null
}, {
  "type" : "DEPOSIT",
  "memberId" : "member010",
  "memberName" : "홍길동010",
  "amount" : 370000,
  "withdrawalBankName" : null,
  "withdrawalBankCode" : null,
  "withdrawalBankAccount" : null,
  "withdrawalBankAccountHolder" : null,
  "withdrawalDate" : null,
  "withdrawalBankIdentifier" : null,
  "withdrawalStatus" : null,
  "depositPaymentCompanyId" : "PG0001",
  "depositPaymentId" : "PG0001-PID-454660",
  "depositBankName" : "한국씨티은행",
  "depositBankCode" : "027",
  "depositBankAccount" : "027-750274-001",
  "depositBankAccountPeriodFrom" : "2025-07-18T00:00:00",
  "depositBankAccountPeriodTo" : "2026-07-16T23:59:59.999999999",
  "depositDate" : "2025-08-04T10:39:09.292265",
  "siteId" : 1003,
  "distId" : 102,
  "distCommRate" : null,
  "distCommFee" : null,
  "hqCommRate" : null,
  "hqCommFee" : null,
  "balance" : null,
  "regDate" : "2025-08-04T09:30:09.292265",
  "tid" : null
}, {
  "type" : "DEPOSIT",
  "memberId" : "member001",
  "memberName" : "홍길동001",
  "amount" : 890000,
  "withdrawalBankName" : null,
  "withdrawalBankCode" : null,
  "withdrawalBankAccount" : null,
  "withdrawalBankAccountHolder" : null,
  "withdrawalDate" : null,
  "withdrawalBankIdentifier" : null,
  "withdrawalStatus" : null,
  "depositPaymentCompanyId" : "PG0002",
  "depositPaymentId" : "PG0002-PID-780813",
  "depositBankName" : "경남은행",
  "depositBankCode" : "039",
  "depositBankAccount" : "039-203194-001",
  "depositBankAccountPeriodFrom" : "2025-07-18T00:00:00",
  "depositBankAccountPeriodTo" : "2026-07-16T23:59:59.999999999",
  "depositDate" : "2025-08-04T10:39:09.292265",
  "siteId" : 1004,
  "distId" : 102,
  "distCommRate" : null,
  "distCommFee" : null,
  "hqCommRate" : null,
  "hqCommFee" : null,
  "balance" : null,
  "regDate" : "2025-08-04T09:25:09.292265",
  "tid" : null
}, {
  "type" : "DEPOSIT",
  "memberId" : "member003",
  "memberName" : "홍길동003",
  "amount" : 710000,
  "withdrawalBankName" : null,
  "withdrawalBankCode" : null,
  "withdrawalBankAccount" : null,
  "withdrawalBankAccountHolder" : null,
  "withdrawalDate" : null,
  "withdrawalBankIdentifier" : null,
  "withdrawalStatus" : null,
  "depositPaymentCompanyId" : "PG0003",
  "depositPaymentId" : "PG0003-PID-737871",
  "depositBankName" : "상호저축은행",
  "depositBankCode" : "050",
  "depositBankAccount" : "050-818429-001",
  "depositBankAccountPeriodFrom" : "2025-07-18T00:00:00",
  "depositBankAccountPeriodTo" : "2026-07-16T23:59:59.999999999",
  "depositDate" : "2025-08-04T10:39:09.292265",
  "siteId" : 1002,
  "distId" : 101,
  "distCommRate" : null,
  "distCommFee" : null,
  "hqCommRate" : null,
  "hqCommFee" : null,
  "balance" : null,
  "regDate" : "2025-08-04T09:20:09.292265",
  "tid" : null
}, {
  "type" : "DEPOSIT",
  "memberId" : "member010",
  "memberName" : "홍길동010",
  "amount" : 920000,
  "withdrawalBankName" : null,
  "withdrawalBankCode" : null,
  "withdrawalBankAccount" : null,
  "withdrawalBankAccountHolder" : null,
  "withdrawalDate" : null,
  "withdrawalBankIdentifier" : null,
  "withdrawalStatus" : null,
  "depositPaymentCompanyId" : "PG0001",
  "depositPaymentId" : "PG0001-PID-061689",
  "depositBankName" : "카카오뱅크",
  "depositBankCode" : "090",
  "depositBankAccount" : "090-213151-001",
  "depositBankAccountPeriodFrom" : "2025-07-18T00:00:00",
  "depositBankAccountPeriodTo" : "2026-07-16T23:59:59.999999999",
  "depositDate" : "2025-08-04T10:39:09.292265",
  "siteId" : 1003,
  "distId" : 102,
  "distCommRate" : null,
  "distCommFee" : null,
  "hqCommRate" : null,
  "hqCommFee" : null,
  "balance" : null,
  "regDate" : "2025-08-04T09:15:09.292265",
  "tid" : null
}, {
  "type" : "DEPOSIT",
  "memberId" : "member005",
  "memberName" : "홍길동005",
  "amount" : 440000,
  "withdrawalBankName" : null,
  "withdrawalBankCode" : null,
  "withdrawalBankAccount" : null,
  "withdrawalBankAccountHolder" : null,
  "withdrawalDate" : null,
  "withdrawalBankIdentifier" : null,
  "withdrawalStatus" : null,
  "depositPaymentCompanyId" : "PG0001",
  "depositPaymentId" : "PG0001-PID-676060",
  "depositBankName" : "우체국",
  "depositBankCode" : "071",
  "depositBankAccount" : "071-249253-001",
  "depositBankAccountPeriodFrom" : "2025-07-18T00:00:00",
  "depositBankAccountPeriodTo" : "2026-07-16T23:59:59.999999999",
  "depositDate" : "2025-08-04T10:39:09.292265",
  "siteId" : 1001,
  "distId" : 101,
  "distCommRate" : null,
  "distCommFee" : null,
  "hqCommRate" : null,
  "hqCommFee" : null,
  "balance" : null,
  "regDate" : "2025-08-04T09:10:09.292265",
  "tid" : null
}, {
  "type" : "DEPOSIT",
  "memberId" : "member007",
  "memberName" : "홍길동007",
  "amount" : 880000,
  "withdrawalBankName" : null,
  "withdrawalBankCode" : null,
  "withdrawalBankAccount" : null,
  "withdrawalBankAccountHolder" : null,
  "withdrawalDate" : null,
  "withdrawalBankIdentifier" : null,
  "withdrawalStatus" : null,
  "depositPaymentCompanyId" : "PG0003",
  "depositPaymentId" : "PG0003-PID-005999",
  "depositBankName" : "SC제일은행",
  "depositBankCode" : "023",
  "depositBankAccount" : "023-111048-001",
  "depositBankAccountPeriodFrom" : "2025-07-18T00:00:00",
  "depositBankAccountPeriodTo" : "2026-07-16T23:59:59.999999999",
  "depositDate" : "2025-08-04T10:39:09.292265",
  "siteId" : 1003,
  "distId" : 102,
  "distCommRate" : null,
  "distCommFee" : null,
  "hqCommRate" : null,
  "hqCommFee" : null,
  "balance" : null,
  "regDate" : "2025-08-04T09:05:09.292265",
  "tid" : null
}, {
  "type" : "DEPOSIT",
  "memberId" : "member003",
  "memberName" : "홍길동003",
  "amount" : 920000,
  "withdrawalBankName" : null,
  "withdrawalBankCode" : null,
  "withdrawalBankAccount" : null,
  "withdrawalBankAccountHolder" : null,
  "withdrawalDate" : null,
  "withdrawalBankIdentifier" : null,
  "withdrawalStatus" : null,
  "depositPaymentCompanyId" : "PG0002",
  "depositPaymentId" : "PG0002-PID-518957",
  "depositBankName" : "BNK부산은행",
  "depositBankCode" : "032",
  "depositBankAccount" : "032-696493-001",
  "depositBankAccountPeriodFrom" : "2025-07-18T00:00:00",
  "depositBankAccountPeriodTo" : "2026-07-16T23:59:59.999999999",
  "depositDate" : "2025-08-04T10:39:09.292265",
  "siteId" : 1003,
  "distId" : 102,
  "distCommRate" : null,
  "distCommFee" : null,
  "hqCommRate" : null,
  "hqCommFee" : null,
  "balance" : null,
  "regDate" : "2025-08-04T09:00:09.292265",
  "tid" : null
}, {
  "type" : "DEPOSIT",
  "memberId" : "member003",
  "memberName" : "홍길동003",
  "amount" : 960000,
  "withdrawalBankName" : null,
  "withdrawalBankCode" : null,
  "withdrawalBankAccount" : null,
  "withdrawalBankAccountHolder" : null,
  "withdrawalDate" : null,
  "withdrawalBankIdentifier" : null,
  "withdrawalStatus" : null,
  "depositPaymentCompanyId" : "PG0002",
  "depositPaymentId" : "PG0002-PID-447759",
  "depositBankName" : "BNK부산은행",
  "depositBankCode" : "032",
  "depositBankAccount" : "032-772361-001",
  "depositBankAccountPeriodFrom" : "2025-07-18T00:00:00",
  "depositBankAccountPeriodTo" : "2026-07-16T23:59:59.999999999",
  "depositDate" : "2025-08-04T10:39:09.292265",
  "siteId" : 1002,
  "distId" : 101,
  "distCommRate" : null,
  "distCommFee" : null,
  "hqCommRate" : null,
  "hqCommFee" : null,
  "balance" : null,
  "regDate" : "2025-08-04T08:55:09.292265",
  "tid" : null
}, {
  "type" : "DEPOSIT",
  "memberId" : "member005",
  "memberName" : "홍길동005",
  "amount" : 650000,
  "withdrawalBankName" : null,
  "withdrawalBankCode" : null,
  "withdrawalBankAccount" : null,
  "withdrawalBankAccountHolder" : null,
  "withdrawalDate" : null,
  "withdrawalBankIdentifier" : null,
  "withdrawalStatus" : null,
  "depositPaymentCompanyId" : "PG0001",
  "depositPaymentId" : "PG0001-PID-673245",
  "depositBankName" : "하나은행",
  "depositBankCode" : "081",
  "depositBankAccount" : "081-148854-001",
  "depositBankAccountPeriodFrom" : "2025-07-18T00:00:00",
  "depositBankAccountPeriodTo" : "2026-07-16T23:59:59.999999999",
  "depositDate" : "2025-08-04T10:39:09.292265",
  "siteId" : 1003,
  "distId" : 102,
  "distCommRate" : null,
  "distCommFee" : null,
  "hqCommRate" : null,
  "hqCommFee" : null,
  "balance" : null,
  "regDate" : "2025-08-04T08:50:09.292265",
  "tid" : null
}, {
  "type" : "DEPOSIT",
  "memberId" : "member001",
  "memberName" : "홍길동001",
  "amount" : 30000,
  "withdrawalBankName" : null,
  "withdrawalBankCode" : null,
  "withdrawalBankAccount" : null,
  "withdrawalBankAccountHolder" : null,
  "withdrawalDate" : null,
  "withdrawalBankIdentifier" : null,
  "withdrawalStatus" : null,
  "depositPaymentCompanyId" : "PG0003",
  "depositPaymentId" : "PG0003-PID-736082",
  "depositBankName" : "제주은행",
  "depositBankCode" : "035",
  "depositBankAccount" : "035-204002-001",
  "depositBankAccountPeriodFrom" : "2025-07-18T00:00:00",
  "depositBankAccountPeriodTo" : "2026-07-16T23:59:59.999999999",
  "depositDate" : "2025-08-04T10:39:09.292265",
  "siteId" : 1004,
  "distId" : 102,
  "distCommRate" : null,
  "distCommFee" : null,
  "hqCommRate" : null,
  "hqCommFee" : null,
  "balance" : null,
  "regDate" : "2025-08-04T08:45:09.292265",
  "tid" : null
}, {
  "type" : "DEPOSIT",
  "memberId" : "member005",
  "memberName" : "홍길동005",
  "amount" : 430000,
  "withdrawalBankName" : null,
  "withdrawalBankCode" : null,
  "withdrawalBankAccount" : null,
  "withdrawalBankAccountHolder" : null,
  "withdrawalDate" : null,
  "withdrawalBankIdentifier" : null,
  "withdrawalStatus" : null,
  "depositPaymentCompanyId" : "PG0002",
  "depositPaymentId" : "PG0002-PID-791243",
  "depositBankName" : "산림조합중앙회",
  "depositBankCode" : "064",
  "depositBankAccount" : "064-694577-001",
  "depositBankAccountPeriodFrom" : "2025-07-18T00:00:00",
  "depositBankAccountPeriodTo" : "2026-07-16T23:59:59.999999999",
  "depositDate" : "2025-08-04T10:39:09.292265",
  "siteId" : 1003,
  "distId" : 102,
  "distCommRate" : null,
  "distCommFee" : null,
  "hqCommRate" : null,
  "hqCommFee" : null,
  "balance" : null,
  "regDate" : "2025-08-04T08:40:09.292265",
  "tid" : null
}, {
  "type" : "DEPOSIT",
  "memberId" : "member009",
  "memberName" : "홍길동009",
  "amount" : 470000,
  "withdrawalBankName" : null,
  "withdrawalBankCode" : null,
  "withdrawalBankAccount" : null,
  "withdrawalBankAccountHolder" : null,
  "withdrawalDate" : null,
  "withdrawalBankIdentifier" : null,
  "withdrawalStatus" : null,
  "depositPaymentCompanyId" : "PG0002",
  "depositPaymentId" : "PG0002-PID-160777",
  "depositBankName" : "광주은행",
  "depositBankCode" : "034",
  "depositBankAccount" : "034-537900-001",
  "depositBankAccountPeriodFrom" : "2025-07-18T00:00:00",
  "depositBankAccountPeriodTo" : "2026-07-16T23:59:59.999999999",
  "depositDate" : "2025-08-04T10:39:09.292265",
  "siteId" : 1003,
  "distId" : 102,
  "distCommRate" : null,
  "distCommFee" : null,
  "hqCommRate" : null,
  "hqCommFee" : null,
  "balance" : null,
  "regDate" : "2025-08-04T08:35:09.292265",
  "tid" : null
}, {
  "type" : "DEPOSIT",
  "memberId" : "member006",
  "memberName" : "홍길동006",
  "amount" : 780000,
  "withdrawalBankName" : null,
  "withdrawalBankCode" : null,
  "withdrawalBankAccount" : null,
  "withdrawalBankAccountHolder" : null,
  "withdrawalDate" : null,
  "withdrawalBankIdentifier" : null,
  "withdrawalStatus" : null,
  "depositPaymentCompanyId" : "PG0002",
  "depositPaymentId" : "PG0002-PID-045355",
  "depositBankName" : "SC제일은행",
  "depositBankCode" : "023",
  "depositBankAccount" : "023-651227-001",
  "depositBankAccountPeriodFrom" : "2025-07-18T00:00:00",
  "depositBankAccountPeriodTo" : "2026-07-16T23:59:59.999999999",
  "depositDate" : "2025-08-04T10:39:09.292265",
  "siteId" : 1002,
  "distId" : 101,
  "distCommRate" : null,
  "distCommFee" : null,
  "hqCommRate" : null,
  "hqCommFee" : null,
  "balance" : null,
  "regDate" : "2025-08-04T08:30:09.292265",
  "tid" : null
}, {
  "type" : "DEPOSIT",
  "memberId" : "member006",
  "memberName" : "홍길동006",
  "amount" : 230000,
  "withdrawalBankName" : null,
  "withdrawalBankCode" : null,
  "withdrawalBankAccount" : null,
  "withdrawalBankAccountHolder" : null,
  "withdrawalDate" : null,
  "withdrawalBankIdentifier" : null,
  "withdrawalStatus" : null,
  "depositPaymentCompanyId" : "PG0003",
  "depositPaymentId" : "PG0003-PID-253629",
  "depositBankName" : "수협은행",
  "depositBankCode" : "007",
  "depositBankAccount" : "007-208488-001",
  "depositBankAccountPeriodFrom" : "2025-07-18T00:00:00",
  "depositBankAccountPeriodTo" : "2026-07-16T23:59:59.999999999",
  "depositDate" : "2025-08-04T10:39:09.292265",
  "siteId" : 1004,
  "distId" : 102,
  "distCommRate" : null,
  "distCommFee" : null,
  "hqCommRate" : null,
  "hqCommFee" : null,
  "balance" : null,
  "regDate" : "2025-08-04T08:25:09.292265",
  "tid" : null
}, {
  "type" : "DEPOSIT",
  "memberId" : "member002",
  "memberName" : "홍길동002",
  "amount" : 600000,
  "withdrawalBankName" : null,
  "withdrawalBankCode" : null,
  "withdrawalBankAccount" : null,
  "withdrawalBankAccountHolder" : null,
  "withdrawalDate" : null,
  "withdrawalBankIdentifier" : null,
  "withdrawalStatus" : null,
  "depositPaymentCompanyId" : "PG0001",
  "depositPaymentId" : "PG0001-PID-866674",
  "depositBankName" : "우체국",
  "depositBankCode" : "071",
  "depositBankAccount" : "071-553438-001",
  "depositBankAccountPeriodFrom" : "2025-07-18T00:00:00",
  "depositBankAccountPeriodTo" : "2026-07-16T23:59:59.999999999",
  "depositDate" : "2025-08-04T10:39:09.292265",
  "siteId" : 1002,
  "distId" : 101,
  "distCommRate" : null,
  "distCommFee" : null,
  "hqCommRate" : null,
  "hqCommFee" : null,
  "balance" : null,
  "regDate" : "2025-08-04T08:20:09.292265",
  "tid" : null
}, {
  "type" : "DEPOSIT",
  "memberId" : "member002",
  "memberName" : "홍길동002",
  "amount" : 810000,
  "withdrawalBankName" : null,
  "withdrawalBankCode" : null,
  "withdrawalBankAccount" : null,
  "withdrawalBankAccountHolder" : null,
  "withdrawalDate" : null,
  "withdrawalBankIdentifier" : null,
  "withdrawalStatus" : null,
  "depositPaymentCompanyId" : "PG0001",
  "depositPaymentId" : "PG0001-PID-092715",
  "depositBankName" : "신한은행",
  "depositBankCode" : "088",
  "depositBankAccount" : "088-143022-001",
  "depositBankAccountPeriodFrom" : "2025-07-18T00:00:00",
  "depositBankAccountPeriodTo" : "2026-07-16T23:59:59.999999999",
  "depositDate" : "2025-08-04T10:39:09.292265",
  "siteId" : 1002,
  "distId" : 101,
  "distCommRate" : null,
  "distCommFee" : null,
  "hqCommRate" : null,
  "hqCommFee" : null,
  "balance" : null,
  "regDate" : "2025-08-04T08:15:09.292265",
  "tid" : null
}, {
  "type" : "DEPOSIT",
  "memberId" : "member003",
  "memberName" : "홍길동003",
  "amount" : 710000,
  "withdrawalBankName" : null,
  "withdrawalBankCode" : null,
  "withdrawalBankAccount" : null,
  "withdrawalBankAccountHolder" : null,
  "withdrawalDate" : null,
  "withdrawalBankIdentifier" : null,
  "withdrawalStatus" : null,
  "depositPaymentCompanyId" : "PG0002",
  "depositPaymentId" : "PG0002-PID-022820",
  "depositBankName" : "우체국",
  "depositBankCode" : "071",
  "depositBankAccount" : "071-674185-001",
  "depositBankAccountPeriodFrom" : "2025-07-18T00:00:00",
  "depositBankAccountPeriodTo" : "2026-07-16T23:59:59.999999999",
  "depositDate" : "2025-08-04T10:39:09.292265",
  "siteId" : 1003,
  "distId" : 102,
  "distCommRate" : null,
  "distCommFee" : null,
  "hqCommRate" : null,
  "hqCommFee" : null,
  "balance" : null,
  "regDate" : "2025-08-04T08:10:09.292265",
  "tid" : null
}, {
  "type" : "DEPOSIT",
  "memberId" : "member006",
  "memberName" : "홍길동006",
  "amount" : 830000,
  "withdrawalBankName" : null,
  "withdrawalBankCode" : null,
  "withdrawalBankAccount" : null,
  "withdrawalBankAccountHolder" : null,
  "withdrawalDate" : null,
  "withdrawalBankIdentifier" : null,
  "withdrawalStatus" : null,
  "depositPaymentCompanyId" : "PG0003",
  "depositPaymentId" : "PG0003-PID-484450",
  "depositBankName" : "IBK기업은행",
  "depositBankCode" : "003",
  "depositBankAccount" : "003-746295-001",
  "depositBankAccountPeriodFrom" : "2025-07-18T00:00:00",
  "depositBankAccountPeriodTo" : "2026-07-16T23:59:59.999999999",
  "depositDate" : "2025-08-04T10:39:09.292265",
  "siteId" : 1001,
  "distId" : 101,
  "distCommRate" : null,
  "distCommFee" : null,
  "hqCommRate" : null,
  "hqCommFee" : null,
  "balance" : null,
  "regDate" : "2025-08-04T08:05:09.292265",
  "tid" : null
}, {
  "type" : "DEPOSIT",
  "memberId" : "member010",
  "memberName" : "홍길동010",
  "amount" : 530000,
  "withdrawalBankName" : null,
  "withdrawalBankCode" : null,
  "withdrawalBankAccount" : null,
  "withdrawalBankAccountHolder" : null,
  "withdrawalDate" : null,
  "withdrawalBankIdentifier" : null,
  "withdrawalStatus" : null,
  "depositPaymentCompanyId" : "PG0003",
  "depositPaymentId" : "PG0003-PID-303492",
  "depositBankName" : "KB국민은행",
  "depositBankCode" : "004",
  "depositBankAccount" : "004-748469-001",
  "depositBankAccountPeriodFrom" : "2025-07-18T00:00:00",
  "depositBankAccountPeriodTo" : "2026-07-16T23:59:59.999999999",
  "depositDate" : "2025-08-04T10:39:09.292265",
  "siteId" : 1004,
  "distId" : 102,
  "distCommRate" : null,
  "distCommFee" : null,
  "hqCommRate" : null,
  "hqCommFee" : null,
  "balance" : null,
  "regDate" : "2025-08-04T08:00:09.292265",
  "tid" : null
}, {
  "type" : "DEPOSIT",
  "memberId" : "member005",
  "memberName" : "홍길동005",
  "amount" : 740000,
  "withdrawalBankName" : null,
  "withdrawalBankCode" : null,
  "withdrawalBankAccount" : null,
  "withdrawalBankAccountHolder" : null,
  "withdrawalDate" : null,
  "withdrawalBankIdentifier" : null,
  "withdrawalStatus" : null,
  "depositPaymentCompanyId" : "PG0001",
  "depositPaymentId" : "PG0001-PID-523268",
  "depositBankName" : "광주은행",
  "depositBankCode" : "034",
  "depositBankAccount" : "034-463696-001",
  "depositBankAccountPeriodFrom" : "2025-07-18T00:00:00",
  "depositBankAccountPeriodTo" : "2026-07-16T23:59:59.999999999",
  "depositDate" : "2025-08-04T10:39:09.292265",
  "siteId" : 1001,
  "distId" : 101,
  "distCommRate" : null,
  "distCommFee" : null,
  "hqCommRate" : null,
  "hqCommFee" : null,
  "balance" : null,
  "regDate" : "2025-08-04T07:55:09.292265",
  "tid" : null
}, {
  "type" : "DEPOSIT",
  "memberId" : "member008",
  "memberName" : "홍길동008",
  "amount" : 750000,
  "withdrawalBankName" : null,
  "withdrawalBankCode" : null,
  "withdrawalBankAccount" : null,
  "withdrawalBankAccountHolder" : null,
  "withdrawalDate" : null,
  "withdrawalBankIdentifier" : null,
  "withdrawalStatus" : null,
  "depositPaymentCompanyId" : "PG0003",
  "depositPaymentId" : "PG0003-PID-559391",
  "depositBankName" : "KB국민은행",
  "depositBankCode" : "004",
  "depositBankAccount" : "004-905853-001",
  "depositBankAccountPeriodFrom" : "2025-07-18T00:00:00",
  "depositBankAccountPeriodTo" : "2026-07-16T23:59:59.999999999",
  "depositDate" : "2025-08-04T10:39:09.292265",
  "siteId" : 1002,
  "distId" : 101,
  "distCommRate" : null,
  "distCommFee" : null,
  "hqCommRate" : null,
  "hqCommFee" : null,
  "balance" : null,
  "regDate" : "2025-08-04T07:50:09.292265",
  "tid" : null
}, {
  "type" : "DEPOSIT",
  "memberId" : "member001",
  "memberName" : "홍길동001",
  "amount" : 600000,
  "withdrawalBankName" : null,
  "withdrawalBankCode" : null,
  "withdrawalBankAccount" : null,
  "withdrawalBankAccountHolder" : null,
  "withdrawalDate" : null,
  "withdrawalBankIdentifier" : null,
  "withdrawalStatus" : null,
  "depositPaymentCompanyId" : "PG0002",
  "depositPaymentId" : "PG0002-PID-349214",
  "depositBankName" : "SC제일은행",
  "depositBankCode" : "023",
  "depositBankAccount" : "023-983652-001",
  "depositBankAccountPeriodFrom" : "2025-07-18T00:00:00",
  "depositBankAccountPeriodTo" : "2026-07-16T23:59:59.999999999",
  "depositDate" : "2025-08-04T10:39:09.292265",
  "siteId" : 1001,
  "distId" : 101,
  "distCommRate" : null,
  "distCommFee" : null,
  "hqCommRate" : null,
  "hqCommFee" : null,
  "balance" : null,
  "regDate" : "2025-08-04T07:45:09.292265",
  "tid" : null
}, {
  "type" : "DEPOSIT",
  "memberId" : "member001",
  "memberName" : "홍길동001",
  "amount" : 850000,
  "withdrawalBankName" : null,
  "withdrawalBankCode" : null,
  "withdrawalBankAccount" : null,
  "withdrawalBankAccountHolder" : null,
  "withdrawalDate" : null,
  "withdrawalBankIdentifier" : null,
  "withdrawalStatus" : null,
  "depositPaymentCompanyId" : "PG0001",
  "depositPaymentId" : "PG0001-PID-900861",
  "depositBankName" : "SC제일은행",
  "depositBankCode" : "023",
  "depositBankAccount" : "023-644896-001",
  "depositBankAccountPeriodFrom" : "2025-07-18T00:00:00",
  "depositBankAccountPeriodTo" : "2026-07-16T23:59:59.999999999",
  "depositDate" : "2025-08-04T10:39:09.292265",
  "siteId" : 1003,
  "distId" : 102,
  "distCommRate" : null,
  "distCommFee" : null,
  "hqCommRate" : null,
  "hqCommFee" : null,
  "balance" : null,
  "regDate" : "2025-08-04T07:40:09.292265",
  "tid" : null
}, {
  "type" : "DEPOSIT",
  "memberId" : "member001",
  "memberName" : "홍길동001",
  "amount" : 950000,
  "withdrawalBankName" : null,
  "withdrawalBankCode" : null,
  "withdrawalBankAccount" : null,
  "withdrawalBankAccountHolder" : null,
  "withdrawalDate" : null,
  "withdrawalBankIdentifier" : null,
  "withdrawalStatus" : null,
  "depositPaymentCompanyId" : "PG0002",
  "depositPaymentId" : "PG0002-PID-892077",
  "depositBankName" : "토스뱅크",
  "depositBankCode" : "092",
  "depositBankAccount" : "092-735212-001",
  "depositBankAccountPeriodFrom" : "2025-07-18T00:00:00",
  "depositBankAccountPeriodTo" : "2026-07-16T23:59:59.999999999",
  "depositDate" : "2025-08-04T10:39:09.292265",
  "siteId" : 1002,
  "distId" : 101,
  "distCommRate" : null,
  "distCommFee" : null,
  "hqCommRate" : null,
  "hqCommFee" : null,
  "balance" : null,
  "regDate" : "2025-08-04T07:35:09.292265",
  "tid" : null
}, {
  "type" : "DEPOSIT",
  "memberId" : "member010",
  "memberName" : "홍길동010",
  "amount" : 360000,
  "withdrawalBankName" : null,
  "withdrawalBankCode" : null,
  "withdrawalBankAccount" : null,
  "withdrawalBankAccountHolder" : null,
  "withdrawalDate" : null,
  "withdrawalBankIdentifier" : null,
  "withdrawalStatus" : null,
  "depositPaymentCompanyId" : "PG0003",
  "depositPaymentId" : "PG0003-PID-560877",
  "depositBankName" : "KB국민은행",
  "depositBankCode" : "004",
  "depositBankAccount" : "004-500413-001",
  "depositBankAccountPeriodFrom" : "2025-07-18T00:00:00",
  "depositBankAccountPeriodTo" : "2026-07-16T23:59:59.999999999",
  "depositDate" : "2025-08-04T10:39:09.292265",
  "siteId" : 1003,
  "distId" : 102,
  "distCommRate" : null,
  "distCommFee" : null,
  "hqCommRate" : null,
  "hqCommFee" : null,
  "balance" : null,
  "regDate" : "2025-08-04T07:30:09.292265",
  "tid" : null
}, {
  "type" : "DEPOSIT",
  "memberId" : "member007",
  "memberName" : "홍길동007",
  "amount" : 140000,
  "withdrawalBankName" : null,
  "withdrawalBankCode" : null,
  "withdrawalBankAccount" : null,
  "withdrawalBankAccountHolder" : null,
  "withdrawalDate" : null,
  "withdrawalBankIdentifier" : null,
  "withdrawalStatus" : null,
  "depositPaymentCompanyId" : "PG0002",
  "depositPaymentId" : "PG0002-PID-125046",
  "depositBankName" : "케이뱅크",
  "depositBankCode" : "089",
  "depositBankAccount" : "089-549054-001",
  "depositBankAccountPeriodFrom" : "2025-07-18T00:00:00",
  "depositBankAccountPeriodTo" : "2026-07-16T23:59:59.999999999",
  "depositDate" : "2025-08-04T10:39:09.292265",
  "siteId" : 1001,
  "distId" : 101,
  "distCommRate" : null,
  "distCommFee" : null,
  "hqCommRate" : null,
  "hqCommFee" : null,
  "balance" : null,
  "regDate" : "2025-08-04T07:25:09.292265",
  "tid" : null
}, {
  "type" : "DEPOSIT",
  "memberId" : "member010",
  "memberName" : "홍길동010",
  "amount" : 510000,
  "withdrawalBankName" : null,
  "withdrawalBankCode" : null,
  "withdrawalBankAccount" : null,
  "withdrawalBankAccountHolder" : null,
  "withdrawalDate" : null,
  "withdrawalBankIdentifier" : null,
  "withdrawalStatus" : null,
  "depositPaymentCompanyId" : "PG0001",
  "depositPaymentId" : "PG0001-PID-333812",
  "depositBankName" : "케이뱅크",
  "depositBankCode" : "089",
  "depositBankAccount" : "089-113075-001",
  "depositBankAccountPeriodFrom" : "2025-07-18T00:00:00",
  "depositBankAccountPeriodTo" : "2026-07-16T23:59:59.999999999",
  "depositDate" : "2025-08-04T10:39:09.292265",
  "siteId" : 1003,
  "distId" : 102,
  "distCommRate" : null,
  "distCommFee" : null,
  "hqCommRate" : null,
  "hqCommFee" : null,
  "balance" : null,
  "regDate" : "2025-08-04T07:20:09.292265",
  "tid" : null
}, {
  "type" : "DEPOSIT",
  "memberId" : "member001",
  "memberName" : "홍길동001",
  "amount" : 720000,
  "withdrawalBankName" : null,
  "withdrawalBankCode" : null,
  "withdrawalBankAccount" : null,
  "withdrawalBankAccountHolder" : null,
  "withdrawalDate" : null,
  "withdrawalBankIdentifier" : null,
  "withdrawalStatus" : null,
  "depositPaymentCompanyId" : "PG0003",
  "depositPaymentId" : "PG0003-PID-592137",
  "depositBankName" : "SC제일은행",
  "depositBankCode" : "023",
  "depositBankAccount" : "023-568823-001",
  "depositBankAccountPeriodFrom" : "2025-07-18T00:00:00",
  "depositBankAccountPeriodTo" : "2026-07-16T23:59:59.999999999",
  "depositDate" : "2025-08-04T10:39:09.292265",
  "siteId" : 1001,
  "distId" : 101,
  "distCommRate" : null,
  "distCommFee" : null,
  "hqCommRate" : null,
  "hqCommFee" : null,
  "balance" : null,
  "regDate" : "2025-08-04T07:15:09.292265",
  "tid" : null
}, {
  "type" : "DEPOSIT",
  "memberId" : "member003",
  "memberName" : "홍길동003",
  "amount" : 580000,
  "withdrawalBankName" : null,
  "withdrawalBankCode" : null,
  "withdrawalBankAccount" : null,
  "withdrawalBankAccountHolder" : null,
  "withdrawalDate" : null,
  "withdrawalBankIdentifier" : null,
  "withdrawalStatus" : null,
  "depositPaymentCompanyId" : "PG0003",
  "depositPaymentId" : "PG0003-PID-136666",
  "depositBankName" : "경남은행",
  "depositBankCode" : "039",
  "depositBankAccount" : "039-246363-001",
  "depositBankAccountPeriodFrom" : "2025-07-18T00:00:00",
  "depositBankAccountPeriodTo" : "2026-07-16T23:59:59.999999999",
  "depositDate" : "2025-08-04T10:39:09.292265",
  "siteId" : 1003,
  "distId" : 102,
  "distCommRate" : null,
  "distCommFee" : null,
  "hqCommRate" : null,
  "hqCommFee" : null,
  "balance" : null,
  "regDate" : "2025-08-04T07:10:09.292265",
  "tid" : null
}, {
  "type" : "DEPOSIT",
  "memberId" : "member007",
  "memberName" : "홍길동007",
  "amount" : 570000,
  "withdrawalBankName" : null,
  "withdrawalBankCode" : null,
  "withdrawalBankAccount" : null,
  "withdrawalBankAccountHolder" : null,
  "withdrawalDate" : null,
  "withdrawalBankIdentifier" : null,
  "withdrawalStatus" : null,
  "depositPaymentCompanyId" : "PG0003",
  "depositPaymentId" : "PG0003-PID-901083",
  "depositBankName" : "IBK기업은행",
  "depositBankCode" : "003",
  "depositBankAccount" : "003-540814-001",
  "depositBankAccountPeriodFrom" : "2025-07-18T00:00:00",
  "depositBankAccountPeriodTo" : "2026-07-16T23:59:59.999999999",
  "depositDate" : "2025-08-04T10:39:09.292265",
  "siteId" : 1004,
  "distId" : 102,
  "distCommRate" : null,
  "distCommFee" : null,
  "hqCommRate" : null,
  "hqCommFee" : null,
  "balance" : null,
  "regDate" : "2025-08-04T07:05:09.292265",
  "tid" : null
}, {
  "type" : "DEPOSIT",
  "memberId" : "member006",
  "memberName" : "홍길동006",
  "amount" : 240000,
  "withdrawalBankName" : null,
  "withdrawalBankCode" : null,
  "withdrawalBankAccount" : null,
  "withdrawalBankAccountHolder" : null,
  "withdrawalDate" : null,
  "withdrawalBankIdentifier" : null,
  "withdrawalStatus" : null,
  "depositPaymentCompanyId" : "PG0003",
  "depositPaymentId" : "PG0003-PID-621273",
  "depositBankName" : "우리은행",
  "depositBankCode" : "020",
  "depositBankAccount" : "020-575531-001",
  "depositBankAccountPeriodFrom" : "2025-07-18T00:00:00",
  "depositBankAccountPeriodTo" : "2026-07-16T23:59:59.999999999",
  "depositDate" : "2025-08-04T10:39:09.292265",
  "siteId" : 1001,
  "distId" : 101,
  "distCommRate" : null,
  "distCommFee" : null,
  "hqCommRate" : null,
  "hqCommFee" : null,
  "balance" : null,
  "regDate" : "2025-08-04T07:00:09.292265",
  "tid" : null
}, {
  "type" : "DEPOSIT",
  "memberId" : "member002",
  "memberName" : "홍길동002",
  "amount" : 450000,
  "withdrawalBankName" : null,
  "withdrawalBankCode" : null,
  "withdrawalBankAccount" : null,
  "withdrawalBankAccountHolder" : null,
  "withdrawalDate" : null,
  "withdrawalBankIdentifier" : null,
  "withdrawalStatus" : null,
  "depositPaymentCompanyId" : "PG0003",
  "depositPaymentId" : "PG0003-PID-847301",
  "depositBankName" : "우리은행",
  "depositBankCode" : "020",
  "depositBankAccount" : "020-690815-001",
  "depositBankAccountPeriodFrom" : "2025-07-18T00:00:00",
  "depositBankAccountPeriodTo" : "2026-07-16T23:59:59.999999999",
  "depositDate" : "2025-08-04T10:39:09.292265",
  "siteId" : 1003,
  "distId" : 102,
  "distCommRate" : null,
  "distCommFee" : null,
  "hqCommRate" : null,
  "hqCommFee" : null,
  "balance" : null,
  "regDate" : "2025-08-04T06:55:09.292265",
  "tid" : null
}, {
  "type" : "DEPOSIT",
  "memberId" : "member010",
  "memberName" : "홍길동010",
  "amount" : 290000,
  "withdrawalBankName" : null,
  "withdrawalBankCode" : null,
  "withdrawalBankAccount" : null,
  "withdrawalBankAccountHolder" : null,
  "withdrawalDate" : null,
  "withdrawalBankIdentifier" : null,
  "withdrawalStatus" : null,
  "depositPaymentCompanyId" : "PG0001",
  "depositPaymentId" : "PG0001-PID-978347",
  "depositBankName" : "DGB대구은행",
  "depositBankCode" : "031",
  "depositBankAccount" : "031-002352-001",
  "depositBankAccountPeriodFrom" : "2025-07-18T00:00:00",
  "depositBankAccountPeriodTo" : "2026-07-16T23:59:59.999999999",
  "depositDate" : "2025-08-04T10:39:09.292265",
  "siteId" : 1004,
  "distId" : 102,
  "distCommRate" : null,
  "distCommFee" : null,
  "hqCommRate" : null,
  "hqCommFee" : null,
  "balance" : null,
  "regDate" : "2025-08-04T06:50:09.292265",
  "tid" : null
}, {
  "type" : "DEPOSIT",
  "memberId" : "member005",
  "memberName" : "홍길동005",
  "amount" : 250000,
  "withdrawalBankName" : null,
  "withdrawalBankCode" : null,
  "withdrawalBankAccount" : null,
  "withdrawalBankAccountHolder" : null,
  "withdrawalDate" : null,
  "withdrawalBankIdentifier" : null,
  "withdrawalStatus" : null,
  "depositPaymentCompanyId" : "PG0001",
  "depositPaymentId" : "PG0001-PID-228261",
  "depositBankName" : "제주은행",
  "depositBankCode" : "035",
  "depositBankAccount" : "035-848153-001",
  "depositBankAccountPeriodFrom" : "2025-07-18T00:00:00",
  "depositBankAccountPeriodTo" : "2026-07-16T23:59:59.999999999",
  "depositDate" : "2025-08-04T10:39:09.292265",
  "siteId" : 1001,
  "distId" : 101,
  "distCommRate" : null,
  "distCommFee" : null,
  "hqCommRate" : null,
  "hqCommFee" : null,
  "balance" : null,
  "regDate" : "2025-08-04T06:45:09.292265",
  "tid" : null
}, {
  "type" : "DEPOSIT",
  "memberId" : "member002",
  "memberName" : "홍길동002",
  "amount" : 130000,
  "withdrawalBankName" : null,
  "withdrawalBankCode" : null,
  "withdrawalBankAccount" : null,
  "withdrawalBankAccountHolder" : null,
  "withdrawalDate" : null,
  "withdrawalBankIdentifier" : null,
  "withdrawalStatus" : null,
  "depositPaymentCompanyId" : "PG0001",
  "depositPaymentId" : "PG0001-PID-454135",
  "depositBankName" : "MG새마을금고",
  "depositBankCode" : "045",
  "depositBankAccount" : "045-630768-001",
  "depositBankAccountPeriodFrom" : "2025-07-18T00:00:00",
  "depositBankAccountPeriodTo" : "2026-07-16T23:59:59.999999999",
  "depositDate" : "2025-08-04T10:39:09.292265",
  "siteId" : 1002,
  "distId" : 101,
  "distCommRate" : null,
  "distCommFee" : null,
  "hqCommRate" : null,
  "hqCommFee" : null,
  "balance" : null,
  "regDate" : "2025-08-04T06:40:09.292265",
  "tid" : null
}, {
  "type" : "DEPOSIT",
  "memberId" : "member002",
  "memberName" : "홍길동002",
  "amount" : 730000,
  "withdrawalBankName" : null,
  "withdrawalBankCode" : null,
  "withdrawalBankAccount" : null,
  "withdrawalBankAccountHolder" : null,
  "withdrawalDate" : null,
  "withdrawalBankIdentifier" : null,
  "withdrawalStatus" : null,
  "depositPaymentCompanyId" : "PG0002",
  "depositPaymentId" : "PG0002-PID-974936",
  "depositBankName" : "광주은행",
  "depositBankCode" : "034",
  "depositBankAccount" : "034-365612-001",
  "depositBankAccountPeriodFrom" : "2025-07-18T00:00:00",
  "depositBankAccountPeriodTo" : "2026-07-16T23:59:59.999999999",
  "depositDate" : "2025-08-04T10:39:09.292265",
  "siteId" : 1002,
  "distId" : 101,
  "distCommRate" : null,
  "distCommFee" : null,
  "hqCommRate" : null,
  "hqCommFee" : null,
  "balance" : null,
  "regDate" : "2025-08-04T06:35:09.292265",
  "tid" : null
} ]